input_size,num_threads,std_thread_sum,omp1_sum,omp_builtin_sum
1000000,1,0.461808,0.162136,0.106435
2000000,2,0.582954,0.238421,0.108907
4000000,4,0.754807,0.249519,0.131453
8000000,8,1.175359,0.375877,0.210147
1000000000,16,141.285309,47.345055,26.627492
